{
  "best_epoch": 60,
  "best_metrics": {
    "train_loss": 0.052727905705571176,
    "train_dice": 0.9457098724842071,
    "train_iou": 0.9014865660667419,
    "val_loss": 0.04994298324375571,
    "val_dice": 0.9510286086333726,
    "val_iou": 0.9128109649745766,
    "lr": 2.5e-05
  },
  "total_epochs": 71
}