{
  "split": "test",
  "tta": true,
  "threshold_report": 0.5,
  "dice_stats": {
    "mean": 0.936285498330812,
    "std": 0.07225981097340906,
    "min": 0.22865934669971466,
    "max": 0.9937682747840881,
    "median": 0.9608631730079651
  },
  "iou_stats": {
    "mean": 0.8873006169518787,
    "std": 0.10566820642183057,
    "min": 0.12908829748630524,
    "max": 0.9876137375831604,
    "median": 0.9246743619441986
  }
}