{
  "best_epoch": 12,
  "best_metrics": {
    "train_loss": 0.09948048962936461,
    "train_dice": 0.8726295347662274,
    "train_iou": 0.7962134250237929,
    "val_loss": 0.09697652608156204,
    "val_dice": 0.903687596321106,
    "val_iou": 0.8391150236129761,
    "lr": 0.000802
  },
  "total_epochs": 23
}