{
  "best_epoch": 57,
  "best_metrics": {
    "train_loss": 0.06258771477639676,
    "train_dice": 0.9335496923923492,
    "train_iou": 0.8801321358680725,
    "val_loss": 0.05831528067231535,
    "val_dice": 0.9433660234485592,
    "val_iou": 0.8995560192085289,
    "lr": 2.916729237504703e-05
  },
  "total_epochs": 59
}