{
    "train_loss": [
        0.34553315876992113,
        0.26103785542962166,
        0.21022718469225,
        0.1724525525675982,
        0.15526032006832802,
        0.13841393682781455,
        0.12800736063280696,
        0.12595511835997986,
        0.11689768102690146,
        0.11575750050277267,
        0.11046862922738553,
        0.10587891060390602,
        0.10399500922780895,
        0.10074873152161935,
        0.10329418485584296,
        0.1047493576052341,
        0.1018425205690026,
        0.09681372803634093,
        0.09832563985938952,
        0.09927144308558285,
        0.09696607975653108,
        0.09814857249679602,
        0.08991899375931668,
        0.09045024513045409,
        0.08722838210356304,
        0.09046132843545143,
        0.0878762606841222,
        0.08596315824605048,
        0.0845833871938735,
        0.08336684258809633,
        0.08155803277771524,
        0.08654309124388593,
        0.08583760652366874,
        0.08295893696797886
    ],
    "train_dice": [
        0.6675109935913602,
        0.8196312809589984,
        0.8518780586106173,
        0.8607191396174625,
        0.8631289658278977,
        0.870298315247438,
        0.8713394279175616,
        0.873932570184453,
        0.8804272454757985,
        0.8810015000734385,
        0.8848417882762518,
        0.8890272925854652,
        0.8894899348225769,
        0.891850202341836,
        0.8905871234502737,
        0.8880481343435365,
        0.8916024470698211,
        0.8959168612841711,
        0.8936067990684878,
        0.8918994763141905,
        0.8957796772167346,
        0.8930920421731311,
        0.9018987156436338,
        0.9009158269579682,
        0.9046442957634622,
        0.900262376994644,
        0.9042901987955695,
        0.9048539932276801,
        0.9069159536343248,
        0.9071163623890979,
        0.9086838682569434,
        0.9062919543605709,
        0.9052640465518723,
        0.907676940176427
    ],
    "train_iou": [
        0.5499943471738863,
        0.7238135760711286,
        0.7651793923553231,
        0.779614231065348,
        0.7822156954088341,
        0.7922746580158949,
        0.7945038816223292,
        0.7979537322627276,
        0.8055110073181831,
        0.8057383985999014,
        0.8103142338749058,
        0.8164823105533533,
        0.8174553351199373,
        0.8197196754542264,
        0.8183041450825144,
        0.8147391369541102,
        0.8198127455591464,
        0.8249496148448848,
        0.8225406741035284,
        0.8201879799481286,
        0.8255785039361256,
        0.8230359594872657,
        0.8337219457100623,
        0.8323875926218826,
        0.8370164162646871,
        0.8317000162440066,
        0.8366086322749375,
        0.8371541838350794,
        0.8403315742887427,
        0.8406197976789346,
        0.843154021480789,
        0.8401529262098169,
        0.8388973863028004,
        0.8416796018353283
    ],
    "val_loss": [
        0.27302287201588765,
        0.21805930611028568,
        0.16147265908735323,
        0.1634663272420422,
        0.14576019287539732,
        0.13979417865672267,
        0.12378049666055273,
        0.12564876600293046,
        0.1295631399869058,
        0.11673300500811222,
        0.1157730286302119,
        0.11788571521048082,
        0.11830105885379151,
        0.12040161976207464,
        0.112156974198801,
        0.11539486524000064,
        0.11253420992448442,
        0.13263179302645933,
        0.11516751090757253,
        0.11491801796837404,
        0.11949187452612371,
        0.10678351275111794,
        0.10871517147182988,
        0.10892803289184501,
        0.10860866168345785,
        0.10715209114422437,
        0.11011351252290746,
        0.10972657493090371,
        0.11269916362710808,
        0.11096822774367213,
        0.10959778537819101,
        0.11214345424614228,
        0.1101063486148304,
        0.11258042471933881
    ],
    "val_dice": [
        0.8123651215746084,
        0.8405220641986558,
        0.8779506575759998,
        0.8677660149357379,
        0.8593126976533056,
        0.8644991168476615,
        0.8820170424475137,
        0.879467280763151,
        0.8748898831085178,
        0.8838424717045863,
        0.8852699560378863,
        0.8831262513188248,
        0.8800600106535406,
        0.8856499397367347,
        0.8870399716959103,
        0.8855144566577264,
        0.8851924252423999,
        0.8637434074164297,
        0.886187033532759,
        0.8878030817861592,
        0.8724869052855977,
        0.8928510912488944,
        0.8934936467490902,
        0.8949987094324848,
        0.892475659666509,
        0.8938076838259232,
        0.891227514950377,
        0.8930159206855168,
        0.893922682488438,
        0.8918756786666622,
        0.8929155679816373,
        0.8931451256955143,
        0.8925192655208739,
        0.893969609418931
    ],
    "val_iou": [
        0.7102964916384177,
        0.749188691054871,
        0.8050679781807029,
        0.7905349307542243,
        0.7823171654332846,
        0.7895148183464573,
        0.811045086555963,
        0.8048321346513632,
        0.8016276794220136,
        0.814606422121344,
        0.8155321881228836,
        0.8122140648993345,
        0.8101922120858616,
        0.8173868757292682,
        0.817413322331673,
        0.8178224354874787,
        0.8141258744126193,
        0.7927613677961302,
        0.8169215177370753,
        0.8192011085658297,
        0.8018633107846395,
        0.8256698930736913,
        0.8272953922137457,
        0.8284510113702354,
        0.8252225733405847,
        0.8271254955216005,
        0.8246100757956936,
        0.82659491433994,
        0.8279770001607681,
        0.8253370097397897,
        0.826984790473208,
        0.8274925054195555,
        0.8258623069804498,
        0.8285086398090267
    ],
    "lr": [
        0.0002,
        0.0002,
        0.0002,
        0.0002,
        0.0002,
        0.0002,
        0.0002,
        0.0002,
        0.0002,
        0.0002,
        0.0002,
        0.0002,
        0.0002,
        0.0002,
        0.0002,
        0.0002,
        0.0002,
        0.0002,
        0.0002,
        0.0002,
        0.0002,
        0.0001,
        0.0001,
        0.0001,
        0.0001,
        0.0001,
        0.0001,
        0.0001,
        5e-05,
        5e-05,
        5e-05,
        5e-05,
        5e-05,
        5e-05
    ]
}