{
  "best_epoch": 17,
  "best_metrics": {
    "train_loss": 0.12684724191203714,
    "train_dice": 0.8520192496478558,
    "train_iou": 0.759955482184887,
    "val_loss": 0.10414111241698265,
    "val_dice": 0.8884252309799194,
    "val_iou": 0.8105806112289429,
    "lr": 4.8695302371980583e-05
  },
  "total_epochs": 28
}